{"cameraMode":{"drawMode":0,"name":"Shaded","section":"Shading Mode"},"sceneLighting":true,"audioPlay":false,"sceneViewState":{"showFog":true,"showMaterialUpdate":false,"showSkybox":true,"showFlares":true,"showImageEffects":true,"showParticleSystems":true},"in2DMode":false,"pivot":{"x":0.09389185905456543,"y":-16.41411018371582,"z":8.486446380615235},"rotation":{"x":-0.5436326861381531,"y":0.010572441853582859,"z":-0.006848945748060942,"w":-0.8392296433448792},"size":21.906442642211915,"orthographic":false}